n,time_ms,FLOPs,memory_MB,peak_memory_MB,FLOPs_per_sec
1,0.001,2,2.28882e-05,4.62891,2e+06
2,0.001,16,9.15527e-05,4.62891,1.6e+07
3,0.001,54,0.000205994,4.62891,5.4e+07
4,0.002,128,0.000366211,4.62891,6.4e+07
5,0.003,250,0.000572205,4.62891,8.33333e+07
6,0.005,432,0.000823975,4.62891,8.64e+07
7,0.007,686,0.00112152,4.62891,9.8e+07
8,0.01,1024,0.00146484,4.62891,1.024e+08
9,0.016,1458,0.00185394,4.62891,9.1125e+07
10,0.014,2000,0.00228882,4.62891,1.42857e+08
11,0.04,2662,0.00276947,4.62891,6.655e+07
12,0.034,3456,0.0032959,4.62891,1.01647e+08
13,0.028,4394,0.0038681,4.62891,1.56929e+08
14,0.034,5488,0.00448608,4.62891,1.61412e+08
15,0.055,6750,0.00514984,4.62891,1.22727e+08
16,0.067,8192,0.00585938,4.62891,1.22269e+08
17,0.069,9826,0.00661469,4.62891,1.42406e+08
18,0.078,11664,0.00741577,4.62891,1.49538e+08
19,0.09,13718,0.00826263,4.62891,1.52422e+08
20,0.108,16000,0.00915527,4.62891,1.48148e+08
21,0.118,18522,0.0100937,4.62891,1.56966e+08
22,0.141,21296,0.0110779,4.62891,1.51035e+08
23,0.165,24334,0.0121078,4.62891,1.47479e+08
24,0.175,27648,0.0131836,4.62891,1.57989e+08
25,0.207,31250,0.0143051,4.62891,1.50966e+08
26,0.228,35152,0.0154724,4.62891,1.54175e+08
27,0.254,39366,0.0166855,4.62891,1.54984e+08
28,0.285,43904,0.0179443,4.62891,1.54049e+08
29,0.298,48778,0.019249,4.62891,1.63685e+08
30,0.361,54000,0.0205994,4.62891,1.49584e+08
31,0.345,59582,0.0219955,4.62891,1.72701e+08
32,0.257,65536,0.0234375,4.62891,2.55004e+08
33,0.282,71874,0.0249252,4.62891,2.54872e+08
34,0.318,78608,0.0264587,4.62891,2.47195e+08
35,0.323,85750,0.028038,4.62891,2.6548e+08
36,0.357,93312,0.0296631,4.62891,2.61378e+08
37,0.433,101306,0.0313339,4.62891,2.33963e+08
38,0.503,109744,0.0330505,4.62891,2.18179e+08
39,0.666,118638,0.0348129,4.62891,1.78135e+08
40,0.865,128000,0.0366211,4.62891,1.47977e+08
41,0.855,137842,0.038475,4.62891,1.61219e+08
42,0.86,148176,0.0403748,4.62891,1.72298e+08
43,0.942,159014,0.0423203,4.62891,1.68805e+08
44,1.111,170368,0.0443115,4.62891,1.53347e+08
45,1.107,182250,0.0463486,4.62891,1.64634e+08
46,1.164,194672,0.0484314,4.62891,1.67244e+08
47,1.224,207646,0.05056,4.62891,1.69645e+08
48,1.748,221184,0.0527344,4.62891,1.26535e+08
49,1.469,235298,0.0549545,4.62891,1.60176e+08
50,1.504,250000,0.0572205,4.62891,1.66223e+08
51,1.492,265302,0.0595322,4.62891,1.77816e+08
52,1.411,281216,0.0618896,4.62891,1.99303e+08
53,1.234,297754,0.0642929,4.62891,2.41292e+08
54,1.27,314928,0.0667419,4.62891,2.47975e+08
55,1.238,332750,0.0692368,4.62891,2.6878e+08
56,1.329,351232,0.0717773,4.62891,2.64283e+08
57,1.364,370386,0.0743637,4.62891,2.71544e+08
58,1.451,390224,0.0769958,4.62891,2.68935e+08
59,1.517,410758,0.0796738,4.62891,2.7077e+08
60,1.59,432000,0.0823975,4.62891,2.71698e+08
61,2.002,453962,0.0851669,4.62891,2.26754e+08
62,1.776,476656,0.0879822,4.62891,2.68387e+08
63,1.852,500094,0.0908432,4.62891,2.70029e+08
64,1.926,524288,0.09375,4.62891,2.72216e+08
65,2.046,549250,0.0967026,4.62891,2.68451e+08
66,2.155,574992,0.0997009,4.62891,2.66818e+08
67,2.214,601526,0.102745,4.62891,2.71692e+08
68,2.333,628864,0.105835,4.62891,2.69552e+08
69,2.43,657018,0.108971,4.62891,2.70378e+08
70,2.574,686000,0.112152,4.62891,2.66511e+08
71,2.618,715822,0.115379,4.62891,2.73423e+08
72,2.743,746496,0.118652,4.62891,2.72146e+08
73,2.876,778034,0.121971,4.62891,2.70526e+08
74,3.008,810448,0.125336,4.62891,2.69431e+08
75,3.101,843750,0.128746,4.62891,2.7209e+08
76,3.266,877952,0.132202,4.62891,2.68816e+08
77,3.358,913066,0.135704,4.62891,2.71908e+08
78,3.49,949104,0.139252,4.62891,2.7195e+08
79,3.622,986078,0.142845,4.62891,2.72247e+08
80,3.796,1.024e+06,0.146484,4.62891,2.69758e+08
81,4.286,1.06288e+06,0.150169,4.62891,2.47989e+08
82,4.117,1.10274e+06,0.1539,4.62891,2.67849e+08
83,4.19,1.14357e+06,0.157677,4.62891,2.72929e+08
84,4.459,1.18541e+06,0.161499,4.62891,2.65846e+08
85,4.58,1.22825e+06,0.165367,4.62891,2.68177e+08
86,4.758,1.27211e+06,0.169281,4.62891,2.67363e+08
87,4.875,1.31701e+06,0.173241,4.62891,2.70155e+08
88,5.037,1.36294e+06,0.177246,4.62891,2.70586e+08
89,5.168,1.40994e+06,0.181297,4.62891,2.72821e+08
90,5.347,1.458e+06,0.185394,4.62891,2.72676e+08
91,5.559,1.50714e+06,0.189537,4.62891,2.71117e+08
92,5.754,1.55738e+06,0.193726,4.62891,2.7066e+08
93,5.999,1.60871e+06,0.19796,4.62891,2.68164e+08
94,6.196,1.66117e+06,0.20224,4.62891,2.68103e+08
95,6.296,1.71475e+06,0.206566,4.62891,2.72355e+08
96,6.497,1.76947e+06,0.210938,4.62891,2.72352e+08
97,6.713,1.82535e+06,0.215355,4.62891,2.71912e+08
98,6.896,1.88238e+06,0.219818,4.62891,2.72968e+08
99,7.094,1.9406e+06,0.224327,4.62891,2.73555e+08
100,7.34,2e+06,0.228882,4.62891,2.7248e+08
101,7.555,2.0606e+06,0.233482,4.62891,2.72747e+08
102,8.003,2.12242e+06,0.238129,4.62891,2.65203e+08
103,8.042,2.18545e+06,0.242821,4.62891,2.71755e+08
104,8.248,2.24973e+06,0.247559,4.62891,2.7276e+08
105,8.466,2.31525e+06,0.252342,4.62891,2.73476e+08
106,8.737,2.38203e+06,0.257172,4.62891,2.72637e+08
107,8.941,2.45009e+06,0.262047,4.62891,2.74028e+08
108,9.202,2.51942e+06,0.266968,4.62891,2.73791e+08
109,9.518,2.59006e+06,0.271935,4.62891,2.72122e+08
110,9.728,2.662e+06,0.276947,4.62891,2.73643e+08
111,10.432,2.73526e+06,0.282005,4.62891,2.62199e+08
112,10.237,2.80986e+06,0.287109,4.62891,2.7448e+08
113,10.475,2.88579e+06,0.292259,4.62891,2.75493e+08
114,10.789,2.96309e+06,0.297455,4.62891,2.7464e+08
115,11.102,3.04175e+06,0.302696,4.62891,2.73982e+08
116,11.335,3.12179e+06,0.307983,4.62891,2.75412e+08
117,11.612,3.20323e+06,0.313316,4.62891,2.75855e+08
118,11.93,3.28606e+06,0.318695,4.62891,2.75445e+08
119,12.273,3.37032e+06,0.32412,4.62891,2.74612e+08
120,12.524,3.456e+06,0.32959,4.62891,2.7595e+08
121,12.808,3.54312e+06,0.335106,4.62891,2.76634e+08
122,13.158,3.6317e+06,0.340668,4.62891,2.76007e+08
123,13.48,3.72173e+06,0.346275,4.62891,2.76093e+08
124,13.782,3.81325e+06,0.351929,4.62891,2.76683e+08
125,14.171,3.90625e+06,0.357628,4.62891,2.75651e+08
126,14.557,4.00075e+06,0.363373,4.62891,2.74834e+08
127,14.868,4.09677e+06,0.369164,4.62891,2.75543e+08
128,15.192,4.1943e+06,0.375,4.62891,2.76086e+08
129,15.64,4.29338e+06,0.380882,4.62891,2.74513e+08
130,15.912,4.394e+06,0.38681,4.62891,2.76144e+08
131,16.288,4.49618e+06,0.392784,4.62891,2.76043e+08
132,16.649,4.59994e+06,0.398804,4.62891,2.76289e+08
133,17.119,4.70527e+06,0.404869,4.62891,2.74857e+08
134,17.459,4.81221e+06,0.41098,4.62891,2.75629e+08
135,17.782,4.92075e+06,0.417137,4.62891,2.76726e+08
136,18.176,5.03091e+06,0.42334,4.62891,2.76789e+08
137,18.658,5.14271e+06,0.429588,4.62891,2.7563e+08
138,19.059,5.25614e+06,0.435883,4.62891,2.75783e+08
139,19.6,5.37124e+06,0.442223,4.63281,2.74043e+08
140,24.03,5.488e+06,0.448608,4.63672,2.28381e+08
141,20.453,5.60644e+06,0.45504,4.64062,2.74113e+08
142,20.879,5.72658e+06,0.461517,4.64453,2.74274e+08
143,22.273,5.84841e+06,0.46804,4.65625,2.62579e+08
144,24.765,5.97197e+06,0.474609,4.65625,2.41145e+08
145,23.743,6.09725e+06,0.481224,4.66406,2.56802e+08
146,22.686,6.22427e+06,0.487885,4.66797,2.74366e+08
147,22.986,6.35305e+06,0.494591,4.67578,2.76388e+08
148,23.482,6.48358e+06,0.501343,4.67969,2.76109e+08
149,24.119,6.6159e+06,0.508141,4.68359,2.74302e+08
150,24.433,6.75e+06,0.514984,4.6875,2.76266e+08
151,24.926,6.8859e+06,0.521873,4.69531,2.76254e+08
152,25.48,7.02362e+06,0.528809,4.69922,2.75652e+08
153,25.925,7.16315e+06,0.535789,4.70703,2.76303e+08
154,26.363,7.30453e+06,0.542816,4.70703,2.77075e+08
155,27.002,7.44775e+06,0.549889,4.71484,2.75822e+08
156,28.502,7.59283e+06,0.557007,4.71875,2.66396e+08
157,28.212,7.73979e+06,0.564171,4.72266,2.74344e+08
158,28.886,7.88862e+06,0.571381,4.72656,2.73095e+08
159,29.415,8.03936e+06,0.578636,4.73438,2.73308e+08
160,29.765,8.192e+06,0.585938,4.73438,2.75223e+08
161,30.458,8.34656e+06,0.593285,4.74219,2.74035e+08
162,31.146,8.50306e+06,0.600677,4.74609,2.73006e+08
163,31.785,8.66149e+06,0.608116,4.75,2.72503e+08
164,32.522,8.82189e+06,0.615601,4.75,2.71259e+08
165,32.549,8.98425e+06,0.623131,4.84375,2.76022e+08
166,32.977,9.14859e+06,0.630707,4.84375,2.77423e+08
167,33.535,9.31493e+06,0.638329,4.84375,2.77767e+08
168,34.323,9.48326e+06,0.645996,4.84375,2.76295e+08
169,34.92,9.65362e+06,0.653709,4.84375,2.7645e+08
170,35.454,9.826e+06,0.661469,4.84375,2.77148e+08
171,36.167,1.00004e+07,0.669273,4.84375,2.76507e+08
172,36.778,1.01769e+07,0.677124,4.84375,2.76712e+08
173,37.377,1.03554e+07,0.68502,4.84375,2.77054e+08
174,37.962,1.0536e+07,0.692963,4.84375,2.77542e+08
175,38.597,1.07188e+07,0.700951,4.84375,2.77709e+08
176,39.388,1.09036e+07,0.708984,4.84375,2.76824e+08
177,39.97,1.10905e+07,0.717064,4.84375,2.7747e+08
178,43.042,1.12795e+07,0.725189,4.84375,2.62058e+08
179,41.655,1.14707e+07,0.73336,4.84766,2.75373e+08
180,42.117,1.1664e+07,0.741577,4.85156,2.76943e+08
181,43.014,1.18595e+07,0.74984,4.86328,2.75712e+08
182,43.467,1.20571e+07,0.758148,4.86719,2.77386e+08
183,44.299,1.2257e+07,0.766502,4.87109,2.76687e+08
184,44.952,1.2459e+07,0.774902,4.875,2.77162e+08
185,45.846,1.26632e+07,0.783348,4.88672,2.76213e+08
186,46.366,1.28697e+07,0.79184,4.88672,2.77568e+08
187,47.137,1.30784e+07,0.800377,4.89453,2.77455e+08
188,47.887,1.32893e+07,0.80896,4.89844,2.77515e+08
189,48.74,1.35025e+07,0.817589,4.90625,2.77032e+08
190,49.432,1.3718e+07,0.826263,4.91016,2.77513e+08
191,50.265,1.39357e+07,0.834984,4.92188,2.77245e+08
192,51.089,1.41558e+07,0.84375,4.92578,2.77081e+08
193,52.031,1.43781e+07,0.852562,4.93359,2.76337e+08
194,52.569,1.46028e+07,0.86142,5.10156,2.77783e+08
195,54.205,1.48298e+07,0.870323,5.10156,2.73586e+08
196,54.407,1.50591e+07,0.879272,5.10156,2.76786e+08
197,55.232,1.52907e+07,0.888268,5.10156,2.76846e+08
198,55.989,1.55248e+07,0.897308,5.10156,2.77283e+08
199,56.805,1.57612e+07,0.906395,5.10156,2.77461e+08
200,57.68,1.6e+07,0.915527,5.10156,2.77393e+08
201,58.692,1.62412e+07,0.924706,5.10156,2.76719e+08
202,60.264,1.64848e+07,0.933929,5.10156,2.73543e+08
203,60.774,1.67309e+07,0.943199,5.10156,2.75296e+08
204,61.916,1.69793e+07,0.952515,5.10156,2.74232e+08
205,62.834,1.72302e+07,0.961876,5.10156,2.74219e+08
206,64.025,1.74836e+07,0.971283,5.10156,2.73075e+08
207,64.032,1.77395e+07,0.980736,5.10156,2.77041e+08
208,64.938,1.79978e+07,0.990234,5.10156,2.77154e+08
209,65.793,1.82587e+07,0.999779,5.10156,2.77517e+08
210,66.719,1.8522e+07,1.00937,5.10156,2.77612e+08
211,68.696,1.87879e+07,1.019,5.10156,2.73493e+08
212,69.29,1.90563e+07,1.02869,5.10156,2.75022e+08
213,69.985,1.93272e+07,1.03841,5.10156,2.76162e+08
214,70.501,1.96007e+07,1.04819,5.10156,2.7802e+08
215,71.548,1.98768e+07,1.05801,5.10156,2.7781e+08
216,72.796,2.01554e+07,1.06787,5.10156,2.76875e+08
217,73.774,2.04366e+07,1.07778,5.10156,2.77017e+08
218,74.793,2.07205e+07,1.08774,5.10156,2.77037e+08
219,75.658,2.10069e+07,1.09774,5.10156,2.77656e+08
220,76.828,2.1296e+07,1.10779,5.35938,2.77191e+08
221,77.762,2.15877e+07,1.11788,5.35938,2.77613e+08
222,79.08,2.18821e+07,1.12802,5.35938,2.76708e+08
223,79.82,2.21791e+07,1.13821,5.35938,2.77864e+08
224,81.111,2.24788e+07,1.14844,5.35938,2.77137e+08
225,82.092,2.27812e+07,1.15871,5.35938,2.77509e+08
226,83.202,2.30864e+07,1.16904,5.35938,2.77474e+08
227,84.311,2.33942e+07,1.17941,5.35938,2.77475e+08
228,85.531,2.37047e+07,1.18982,5.35938,2.77148e+08
229,86.504,2.4018e+07,1.20028,5.35938,2.77652e+08
230,87.788,2.4334e+07,1.21078,5.35938,2.77191e+08
231,88.789,2.46528e+07,1.22134,5.35938,2.77656e+08
232,90.236,2.49743e+07,1.23193,5.35938,2.76767e+08
233,91.116,2.52987e+07,1.24258,5.35938,2.77653e+08
234,92.492,2.56258e+07,1.25327,5.35938,2.7706e+08
235,93.554,2.59558e+07,1.264,5.35938,2.77441e+08
236,95.12,2.62885e+07,1.27478,5.35938,2.76372e+08
237,96.235,2.66241e+07,1.28561,5.35938,2.76657e+08
238,97.783,2.69625e+07,1.29648,5.35938,2.75739e+08
239,98.764,2.73038e+07,1.3074,5.35938,2.76455e+08
240,99.771,2.7648e+07,1.31836,5.35938,2.77115e+08
241,101.08,2.7995e+07,1.32937,5.35938,2.76959e+08
242,102.18,2.8345e+07,1.34042,5.35938,2.77402e+08
243,103.594,2.86978e+07,1.35152,5.35938,2.77022e+08
244,104.977,2.90536e+07,1.36267,5.61719,2.76761e+08
245,106.302,2.94122e+07,1.37386,5.61719,2.76686e+08
246,107.716,2.97739e+07,1.3851,5.61719,2.76411e+08
247,108.807,3.01384e+07,1.39639,5.61719,2.7699e+08
248,110.235,3.0506e+07,1.40771,5.61719,2.76736e+08
249,111.668,3.08765e+07,1.41909,5.61719,2.76503e+08
250,112.895,3.125e+07,1.43051,5.61719,2.76806e+08
251,114.179,3.16265e+07,1.44198,5.61719,2.76991e+08
252,115.502,3.2006e+07,1.45349,5.61719,2.77104e+08
253,117.144,3.23886e+07,1.46505,5.61719,2.76485e+08
254,118.714,3.27741e+07,1.47665,5.61719,2.76076e+08
255,120.543,3.31628e+07,1.4883,5.61719,2.75111e+08
256,121.207,3.35544e+07,1.5,5.61719,2.76836e+08
257,122.634,3.39492e+07,1.51174,5.61719,2.76833e+08
258,124.121,3.4347e+07,1.52353,5.61719,2.76722e+08
259,125.34,3.4748e+07,1.53536,5.61719,2.7723e+08
260,127.156,3.5152e+07,1.54724,5.61719,2.76448e+08
261,128.345,3.55592e+07,1.55917,5.61719,2.77059e+08
262,129.98,3.59695e+07,1.57114,5.61719,2.76731e+08
263,131.433,3.63829e+07,1.58315,5.61719,2.76817e+08
264,133.108,3.67995e+07,1.59521,5.875,2.76463e+08
265,135.646,3.72192e+07,1.60732,5.875,2.74385e+08
266,136.069,3.76422e+07,1.61948,5.875,2.7664e+08
267,137.659,3.80683e+07,1.63168,5.875,2.76541e+08
268,139.199,3.84977e+07,1.64392,5.875,2.76566e+08
269,140.672,3.89302e+07,1.65621,5.875,2.76745e+08
270,142.286,3.9366e+07,1.66855,5.875,2.76668e+08
271,143.986,3.9805e+07,1.68093,5.875,2.76451e+08
272,145.522,4.02473e+07,1.69336,5.875,2.76572e+08
273,146.943,4.06928e+07,1.70583,5.875,2.76929e+08
274,148.79,4.11416e+07,1.71835,5.875,2.76508e+08
275,150.297,4.15938e+07,1.73092,5.875,2.76744e+08
276,152.084,4.20492e+07,1.74353,5.875,2.76486e+08
277,153.691,4.25079e+07,1.75619,5.875,2.7658e+08
278,155.48,4.29699e+07,1.76889,5.875,2.76369e+08
279,157.109,4.34353e+07,1.78164,5.875,2.76466e+08
280,158.617,4.3904e+07,1.79443,5.875,2.76793e+08
281,160.356,4.43761e+07,1.80727,5.875,2.76735e+08
282,163.66,4.48515e+07,1.82016,5.875,2.74053e+08
283,166.589,4.53304e+07,1.83309,5.875,2.72109e+08
284,165.38,4.58126e+07,1.84607,5.875,2.77014e+08
285,167.408,4.62982e+07,1.85909,6.13281,2.76559e+08
286,169.408,4.67873e+07,1.87216,6.13281,2.76181e+08
287,170.97,4.72798e+07,1.88528,6.13281,2.76539e+08
288,173.707,4.77757e+07,1.89844,6.13281,2.75036e+08
289,175.16,4.82751e+07,1.91164,6.13281,2.75606e+08
290,176.214,4.8778e+07,1.9249,6.13281,2.76811e+08
291,178.24,4.92843e+07,1.93819,6.13281,2.76506e+08
292,179.683,4.97942e+07,1.95154,6.13281,2.77122e+08
293,182.071,5.03075e+07,1.96493,6.13281,2.76307e+08
294,184.027,5.08244e+07,1.97836,6.13281,2.76179e+08
295,185.862,5.13448e+07,1.99184,6.13281,2.76252e+08
296,187.443,5.18687e+07,2.00537,6.13281,2.76717e+08
297,190.02,5.23961e+07,2.01894,6.13281,2.7574e+08
298,191.357,5.29272e+07,2.03256,6.13281,2.76589e+08
299,193.87,5.34618e+07,2.04623,6.13281,2.75761e+08
300,195.16,5.4e+07,2.05994,6.13281,2.76696e+08
301,198.554,5.45418e+07,2.07369,6.13281,2.74695e+08
302,199.41,5.50872e+07,2.08749,6.13281,2.76251e+08
303,200.983,5.56363e+07,2.10134,6.13281,2.76821e+08
304,206.469,5.61889e+07,2.11523,6.39062,2.72142e+08
305,207.6,5.67452e+07,2.12917,6.39062,2.73339e+08
306,209.259,5.73052e+07,2.14316,6.39062,2.73848e+08
307,209.316,5.78689e+07,2.15719,6.39062,2.76467e+08
308,211.801,5.84362e+07,2.17126,6.39062,2.75902e+08
309,213.137,5.90073e+07,2.18539,6.39062,2.76851e+08
310,216.104,5.9582e+07,2.19955,6.39062,2.7571e+08
311,218.056,6.01605e+07,2.21377,6.39062,2.75895e+08
312,220.193,6.07427e+07,2.22803,6.39062,2.75861e+08
313,221.954,6.13286e+07,2.24233,6.39062,2.76312e+08
314,223.726,6.19183e+07,2.25668,6.39062,2.76759e+08
315,225.987,6.25118e+07,2.27108,6.39062,2.76617e+08
316,228.579,6.3109e+07,2.28552,6.39062,2.76093e+08
317,230.53,6.371e+07,2.30001,6.39062,2.76363e+08
318,232.963,6.43149e+07,2.31454,6.39062,2.76073e+08
319,235.308,6.49235e+07,2.32912,6.39062,2.75909e+08
320,237.094,6.5536e+07,2.34375,6.39062,2.76414e+08
321,241.666,6.61523e+07,2.35842,6.39062,2.73735e+08
322,241.627,6.67725e+07,2.37314,6.64844,2.76345e+08
323,244.622,6.73965e+07,2.3879,6.64844,2.75513e+08
324,246.46,6.80244e+07,2.40271,6.64844,2.76006e+08
325,248.701,6.86562e+07,2.41756,6.64844,2.76059e+08
326,255.697,6.9292e+07,2.43246,6.64844,2.70992e+08
327,255.231,6.99316e+07,2.44741,6.64844,2.73993e+08
328,255.971,7.05751e+07,2.4624,6.64844,2.75715e+08
329,262.29,7.12226e+07,2.47744,6.64844,2.71541e+08
330,260.69,7.1874e+07,2.49252,6.64844,2.75707e+08
331,263.764,7.25294e+07,2.50765,6.64844,2.74978e+08
332,267.681,7.31887e+07,2.52283,6.64844,2.73418e+08
333,270.396,7.38521e+07,2.53805,6.64844,2.73126e+08
334,271.373,7.45194e+07,2.55331,6.64844,2.74601e+08
335,272.413,7.51908e+07,2.56863,6.64844,2.76017e+08
336,275.109,7.58661e+07,2.58398,6.64844,2.75767e+08
337,278.725,7.65455e+07,2.59939,6.64844,2.74627e+08
338,281.596,7.72289e+07,2.61484,6.90625,2.74254e+08
339,285.453,7.79164e+07,2.63033,6.90625,2.72957e+08
340,288.54,7.8608e+07,2.64587,6.90625,2.72434e+08
341,290.441,7.93036e+07,2.66146,6.90625,2.73046e+08
342,294.623,8.00034e+07,2.67709,6.90625,2.71545e+08
343,296.056,8.07072e+07,2.69277,6.90625,2.72608e+08
344,299.01,8.14152e+07,2.7085,6.90625,2.72282e+08
345,298.509,8.21272e+07,2.72427,6.90625,2.75125e+08
346,301.106,8.28435e+07,2.74008,6.90625,2.75131e+08
347,303.048,8.35638e+07,2.75594,6.90625,2.75745e+08
348,305.931,8.42884e+07,2.77185,6.90625,2.75514e+08
349,308.578,8.50171e+07,2.7878,6.90625,2.75513e+08
350,310.702,8.575e+07,2.8038,6.90625,2.75988e+08
351,314.048,8.64871e+07,2.81985,6.90625,2.75395e+08
352,316.312,8.72284e+07,2.83594,6.90625,2.75767e+08
353,319.393,8.7974e+07,2.85207,6.90625,2.75441e+08
354,322.247,8.87237e+07,2.86826,7.16406,2.75328e+08
355,324.255,8.94778e+07,2.88448,7.16406,2.75949e+08
356,328.383,9.0236e+07,2.90076,7.16406,2.74789e+08
357,331.296,9.09986e+07,2.91708,7.16406,2.74675e+08
358,332.7,9.17654e+07,2.93344,7.16406,2.7582e+08
359,336.78,9.25366e+07,2.94985,7.16406,2.74769e+08
360,339.216,9.3312e+07,2.96631,7.16406,2.75081e+08
361,342.583,9.40918e+07,2.98281,7.16406,2.74654e+08
362,345.519,9.48759e+07,2.99936,7.16406,2.74589e+08
363,347.804,9.56643e+07,3.01595,7.16406,2.75052e+08
364,350.885,9.64571e+07,3.03259,7.16406,2.74897e+08
365,352.813,9.72542e+07,3.04928,7.16406,2.75654e+08
366,356.37,9.80558e+07,3.06601,7.16406,2.75152e+08
367,359.512,9.88617e+07,3.08279,7.16406,2.74989e+08
368,363.023,9.96721e+07,3.09961,7.42188,2.74561e+08
369,366.205,1.00487e+08,3.11648,7.42188,2.744e+08
370,369.164,1.01306e+08,3.13339,7.42188,2.7442e+08
371,371.715,1.0213e+08,3.15035,7.42188,2.74752e+08
372,375.381,1.02958e+08,3.16736,7.42188,2.74275e+08
373,378.296,1.0379e+08,3.18441,7.42188,2.74362e+08
374,382.004,1.04627e+08,3.20151,7.42188,2.7389e+08
375,384.479,1.05469e+08,3.21865,7.42188,2.74316e+08
376,388.134,1.06315e+08,3.23584,7.42188,2.73912e+08
377,390.944,1.07165e+08,3.25307,7.42188,2.74119e+08
378,393.584,1.0802e+08,3.27036,7.42188,2.74453e+08
379,396.886,1.0888e+08,3.28768,7.42188,2.74335e+08
380,437.672,1.09744e+08,3.30505,7.42188,2.50745e+08
381,434.748,1.10613e+08,3.32247,7.42188,2.54429e+08
382,412.75,1.11486e+08,3.33994,7.67969,2.70105e+08
383,424.418,1.12364e+08,3.35744,7.67969,2.64748e+08
384,421.45,1.13246e+08,3.375,7.67969,2.68706e+08
385,430.646,1.14133e+08,3.3926,7.67969,2.65028e+08
386,430.903,1.15025e+08,3.41025,7.67969,2.66939e+08
387,427.797,1.15921e+08,3.42794,7.67969,2.70972e+08
388,3380.13,1.16822e+08,3.44568,7.67969,3.45614e+07
389,476.318,1.17728e+08,3.46346,7.67969,2.47162e+08
390,462.4,1.18638e+08,3.48129,7.67969,2.5657e+08
391,444.447,1.19553e+08,3.49917,7.67969,2.68993e+08
392,443.609,1.20473e+08,3.51709,7.67969,2.71574e+08
393,461.506,1.21397e+08,3.53506,7.67969,2.63045e+08
394,500.294,1.22326e+08,3.55307,7.67969,2.44508e+08
395,469.474,1.2326e+08,3.57113,7.67969,2.62549e+08
396,466.906,1.24198e+08,3.58923,7.67969,2.66003e+08
397,485.633,1.25142e+08,3.60738,7.9375,2.57687e+08
398,471.39,1.2609e+08,3.62558,7.9375,2.67485e+08
399,472.393,1.27042e+08,3.64382,7.9375,2.68934e+08
400,476.722,1.28e+08,3.66211,7.9375,2.685e+08
401,481.798,1.28962e+08,3.68044,7.9375,2.67669e+08
402,480.489,1.2993e+08,3.69882,7.9375,2.70411e+08
403,483.933,1.30902e+08,3.71725,7.9375,2.70495e+08
404,487.204,1.31879e+08,3.73572,7.9375,2.70684e+08
405,488.873,1.3286e+08,3.75423,7.9375,2.71768e+08
406,493.758,1.33847e+08,3.7728,7.9375,2.71078e+08
407,500.518,1.34838e+08,3.7914,7.9375,2.69397e+08
408,500.86,1.35835e+08,3.81006,7.9375,2.71203e+08
409,506.678,1.36836e+08,3.82876,7.9375,2.70065e+08
410,517.605,1.37842e+08,3.8475,7.9375,2.66307e+08
411,513.014,1.38853e+08,3.86629,8.19531,2.70661e+08
412,523.569,1.39869e+08,3.88513,8.19531,2.67145e+08
413,518.767,1.4089e+08,3.90401,8.19531,2.71586e+08
414,522.563,1.41916e+08,3.92294,8.19531,2.71577e+08
415,536.124,1.42947e+08,3.94192,8.19531,2.6663e+08
416,542.447,1.43983e+08,3.96094,8.19531,2.65432e+08
417,533.913,1.45023e+08,3.98,8.19531,2.71624e+08
418,538.547,1.46069e+08,3.99911,8.19531,2.71228e+08
419,543.584,1.4712e+08,4.01827,8.19531,2.70648e+08
420,553.922,1.48176e+08,4.03748,8.19531,2.67503e+08
421,557.048,1.49237e+08,4.05672,8.19531,2.67907e+08
422,555.773,1.50303e+08,4.07602,8.19531,2.70439e+08
423,559.939,1.51374e+08,4.09536,8.19531,2.7034e+08
424,564.663,1.5245e+08,4.11475,8.45312,2.69984e+08
425,569.168,1.53531e+08,4.13418,8.45312,2.69747e+08
426,580.354,1.54618e+08,4.15366,8.45312,2.66419e+08
427,576.841,1.55709e+08,4.17318,8.45312,2.69934e+08
428,585.838,1.56806e+08,4.19275,8.45312,2.6766e+08
429,584.519,1.57907e+08,4.21236,8.45312,2.70149e+08
430,585.341,1.59014e+08,4.23203,8.45312,2.7166e+08
431,601.162,1.60126e+08,4.25173,8.45312,2.66361e+08
432,604.564,1.61243e+08,4.27148,8.45312,2.6671e+08
433,607.708,1.62365e+08,4.29128,8.45312,2.67177e+08
434,612.346,1.63493e+08,4.31113,8.45312,2.66994e+08
435,614.824,1.64626e+08,4.33102,8.45312,2.67761e+08
436,623.116,1.65764e+08,4.35095,8.45312,2.66024e+08
437,625.176,1.66907e+08,4.37093,8.45312,2.66976e+08
438,622.831,1.68055e+08,4.39096,8.71094,2.69825e+08
439,629.78,1.69209e+08,4.41103,8.71094,2.6868e+08
440,629.834,1.70368e+08,4.43115,8.71094,2.70497e+08
441,540.267,1.71532e+08,4.45132,8.71094,3.17495e+08
442,532.99,1.72702e+08,4.47153,8.71094,3.24024e+08
443,561.983,1.73877e+08,4.49178,8.71094,3.09398e+08
444,3516.92,1.75057e+08,4.51208,8.71094,4.97756e+07
445,720.472,1.76242e+08,4.53243,8.71094,2.44621e+08
446,663.874,1.77433e+08,4.55283,8.71094,2.67269e+08
447,658.31,1.78629e+08,4.57327,8.71094,2.71345e+08
448,669.999,1.79831e+08,4.59375,8.71094,2.68405e+08
449,684.28,1.81038e+08,4.61428,8.71094,2.64567e+08
450,683.163,1.8225e+08,4.63486,8.96875,2.66774e+08
451,683.177,1.83468e+08,4.65548,8.96875,2.68551e+08
452,700.059,1.84691e+08,4.67615,8.96875,2.63822e+08
453,700.594,1.85919e+08,4.69686,8.96875,2.65374e+08
454,712.355,1.87153e+08,4.71762,8.96875,2.62725e+08
455,709.566,1.88393e+08,4.73843,8.96875,2.65504e+08
456,767.933,1.89638e+08,4.75928,8.96875,2.46946e+08
457,724.152,1.90888e+08,4.78017,8.96875,2.63602e+08
458,724.075,1.92144e+08,4.80112,8.96875,2.65365e+08
459,722.971,1.93405e+08,4.82211,8.96875,2.67514e+08
460,725.769,1.94672e+08,4.84314,8.96875,2.68229e+08
461,730.196,1.95944e+08,4.86422,8.96875,2.68345e+08
462,747.208,1.97222e+08,4.88535,9.22656,2.63946e+08
463,732.768,1.98506e+08,4.90652,9.22656,2.70898e+08
464,741.643,1.99795e+08,4.92773,9.22656,2.69395e+08
465,759.17,2.01089e+08,4.949,9.22656,2.6488e+08
466,802.519,2.02389e+08,4.97031,9.22656,2.52193e+08
467,774.744,2.03695e+08,4.99166,9.22656,2.62919e+08
468,791.051,2.05006e+08,5.01306,9.22656,2.59157e+08
469,793.637,2.06323e+08,5.03451,9.22656,2.59972e+08
470,778.444,2.07646e+08,5.056,9.22656,2.66745e+08
471,772.022,2.08974e+08,5.07754,9.22656,2.70684e+08
472,785.427,2.10308e+08,5.09912,9.22656,2.67763e+08
473,793.78,2.11648e+08,5.12075,9.22656,2.66633e+08
474,798.685,2.12993e+08,5.14243,9.48438,2.66679e+08
475,792.676,2.14344e+08,5.16415,9.48438,2.70405e+08
476,804.308,2.157e+08,5.18591,9.48438,2.68181e+08
477,827.057,2.17063e+08,5.20773,9.48438,2.62452e+08
478,812.798,2.18431e+08,5.22958,9.48438,2.68739e+08
479,830.854,2.19804e+08,5.25149,9.48438,2.64552e+08
480,839.235,2.21184e+08,5.27344,9.48438,2.63554e+08
481,840.551,2.22569e+08,5.29543,9.48438,2.6479e+08
482,838.126,2.2396e+08,5.31747,9.48438,2.67216e+08
483,840.866,2.25357e+08,5.33956,9.48438,2.68006e+08
484,3607.34,2.2676e+08,5.36169,9.48438,6.28606e+07
485,923.162,2.28168e+08,5.38387,9.48438,2.47159e+08
486,847.309,2.29583e+08,5.4061,9.74219,2.70955e+08
487,853.843,2.31003e+08,5.42837,9.74219,2.70545e+08
488,879.068,2.32429e+08,5.45068,9.74219,2.64403e+08
489,886.091,2.3386e+08,5.47305,9.74219,2.63924e+08
490,881.962,2.35298e+08,5.49545,9.74219,2.66789e+08
491,960.735,2.36742e+08,5.51791,9.74219,2.46417e+08
492,981.555,2.38191e+08,5.54041,9.74219,2.42667e+08
493,968.453,2.39646e+08,5.56295,9.74219,2.47453e+08
494,894.594,2.41108e+08,5.58554,9.74219,2.69516e+08
495,900.535,2.42575e+08,5.60818,9.74219,2.69367e+08
496,955.851,2.44048e+08,5.63086,9.74219,2.5532e+08
497,1006.61,2.45527e+08,5.65359,10,2.43915e+08
498,946.769,2.47012e+08,5.67636,10,2.609e+08
499,935.936,2.48503e+08,5.69918,10,2.65513e+08
500,991.599,2.5e+08,5.72205,10,2.52118e+08
501,896.53,2.51503e+08,5.74496,10,2.80529e+08
502,1040.36,2.53012e+08,5.76791,10,2.43197e+08
503,1007.35,2.54527e+08,5.79092,10,2.52671e+08
504,1009.85,2.56048e+08,5.81396,10,2.5355e+08
505,1072.64,2.57575e+08,5.83706,10,2.40132e+08
506,941.847,2.59108e+08,5.8602,10,2.75107e+08
507,972.986,2.60648e+08,5.88338,10,2.67884e+08
508,1097.95,2.62193e+08,5.90662,10.2578,2.38801e+08
509,1113.08,2.63744e+08,5.92989,10.2578,2.36951e+08
510,1088.46,2.65302e+08,5.95322,10.2578,2.4374e+08
511,1122.08,2.66866e+08,5.97659,10.2578,2.37831e+08
512,1025.75,2.68435e+08,6,10.2578,2.61697e+08
513,1031.93,2.70011e+08,6.02346,10.2578,2.61656e+08
514,1100.67,2.71593e+08,6.04697,10.2578,2.46752e+08
515,1056.99,2.73182e+08,6.07052,10.2578,2.58453e+08
516,1046.72,2.74776e+08,6.09412,10.2578,2.62511e+08
517,1041.96,2.76377e+08,6.11776,10.2578,2.65246e+08
518,1067.94,2.77984e+08,6.14145,10.5156,2.603e+08
519,1040.16,2.79597e+08,6.16518,10.5156,2.68801e+08
520,1170.06,2.81216e+08,6.18896,10.5156,2.40343e+08
521,1243.71,2.82842e+08,6.21279,10.5156,2.27417e+08
522,1155.69,2.84473e+08,6.23666,10.5156,2.46151e+08
523,1125.81,2.86111e+08,6.26058,10.5156,2.54139e+08
524,1072.99,2.87756e+08,6.28455,10.5156,2.68181e+08
525,1078.15,2.89406e+08,6.30856,10.5156,2.68429e+08
526,1085.72,2.91063e+08,6.33261,10.5156,2.68084e+08
527,1185.31,2.92726e+08,6.35671,10.5156,2.46962e+08
528,1061.74,2.94396e+08,6.38086,10.5156,2.77276e+08
529,1273.78,2.96072e+08,6.40505,10.7734,2.32436e+08
530,1590.61,2.97754e+08,6.42929,10.7734,1.87195e+08
531,1785.51,2.99443e+08,6.45358,10.7734,1.67707e+08
532,1190.55,3.01138e+08,6.47791,10.7734,2.52939e+08
533,1177.74,3.02839e+08,6.50228,10.7734,2.57136e+08
534,1116.01,3.04547e+08,6.5267,10.7734,2.72888e+08
535,1115.48,3.06261e+08,6.55117,10.7734,2.74556e+08
536,1159.6,3.07981e+08,6.57568,10.7734,2.65593e+08
537,1186.02,3.09708e+08,6.60024,10.7734,2.61132e+08
538,998.348,3.11442e+08,6.62485,10.7734,3.11957e+08
539,1186.16,3.13182e+08,6.6495,10.7734,2.6403e+08
540,1186.03,3.14928e+08,6.67419,11.0312,2.65531e+08
541,1213.35,3.16681e+08,6.69894,11.0312,2.60998e+08
542,4799.63,3.1844e+08,6.72372,11.0312,6.63469e+07
543,1242.24,3.20206e+08,6.74856,11.0312,2.57764e+08
544,1314.42,3.21978e+08,6.77344,11.0312,2.44959e+08
545,1297.45,3.23757e+08,6.79836,11.0312,2.49534e+08
546,1298.38,3.25543e+08,6.82333,11.0312,2.50729e+08
547,1303.51,3.27335e+08,6.84835,11.0312,2.51118e+08
548,1345.62,3.29133e+08,6.87341,11.0312,2.44596e+08
549,1337.48,3.30938e+08,6.89852,11.0312,2.47433e+08
550,1315.49,3.3275e+08,6.92368,11.2891,2.52947e+08
551,1348.92,3.34568e+08,6.94888,11.2891,2.48026e+08
552,1419.33,3.36393e+08,6.97412,11.2891,2.37008e+08
553,1486.65,3.38225e+08,6.99941,11.2891,2.27507e+08
554,1247.8,3.40063e+08,7.02475,11.2891,2.7253e+08
555,1635.17,3.41908e+08,7.05013,11.2891,2.09096e+08
556,1579.68,3.43759e+08,7.07556,11.2891,2.17613e+08
557,1512.8,3.45617e+08,7.10104,11.2891,2.28463e+08
558,1511.56,3.47482e+08,7.12656,11.2891,2.29884e+08
559,1288.63,3.49354e+08,7.15212,11.2891,2.71104e+08
560,1365.83,3.51232e+08,7.17773,11.5469,2.57157e+08
561,1383.64,3.53117e+08,7.20339,11.5469,2.55209e+08
562,1350.4,3.55009e+08,7.2291,11.5469,2.62891e+08
563,1360.17,3.56907e+08,7.25484,11.5469,2.624e+08
564,3891.93,3.58812e+08,7.28064,11.5469,9.2194e+07
565,1806.13,3.60724e+08,7.30648,11.5469,1.99722e+08
566,1892.51,3.62643e+08,7.33237,11.5469,1.9162e+08
567,2124.72,3.64569e+08,7.3583,11.5469,1.71584e+08
568,1754.09,3.66501e+08,7.38428,11.5469,2.0894e+08
569,1816.71,3.6844e+08,7.4103,11.5469,2.02806e+08
570,2060.18,3.70386e+08,7.43637,11.8047,1.79784e+08
571,1549.88,3.72339e+08,7.46249,11.8047,2.40237e+08
572,1512.85,3.74298e+08,7.48865,11.8047,2.47413e+08
573,1553.05,3.76265e+08,7.51485,11.8047,2.42276e+08
574,1577.49,3.78238e+08,7.54111,11.8047,2.39772e+08
575,1499.22,3.80219e+08,7.56741,11.8047,2.53611e+08
576,1838.7,3.82206e+08,7.59375,11.8047,2.07867e+08
577,1734.34,3.842e+08,7.62014,11.8047,2.21526e+08
578,1954.25,3.86201e+08,7.64658,11.8047,1.97622e+08
579,1560.89,3.88209e+08,7.67306,12.0625,2.48711e+08
580,2218.98,3.90224e+08,7.69958,12.0625,1.75857e+08
581,5856.86,3.92246e+08,7.72616,12.0625,6.6972e+07
582,2029.69,3.94275e+08,7.75278,12.0625,1.94254e+08
583,1728.62,3.96311e+08,7.77944,12.0625,2.29264e+08
584,1927.09,3.98353e+08,7.80615,12.0625,2.06712e+08
585,2082.17,4.00403e+08,7.83291,12.0625,1.92301e+08
586,2132.17,4.0246e+08,7.85971,12.0625,1.88756e+08
587,1635.78,4.04524e+08,7.88656,12.0625,2.47298e+08
588,1939.83,4.06595e+08,7.91345,12.0625,2.09604e+08
589,1733.56,4.08673e+08,7.94039,12.3203,2.35742e+08
590,1621.11,4.10758e+08,7.96738,12.3203,2.5338e+08
591,1624.89,4.1285e+08,7.99441,12.3203,2.54079e+08
592,1642.74,4.14949e+08,8.02148,12.3203,2.52596e+08
593,1811.99,4.17056e+08,8.04861,12.3203,2.30165e+08
594,1790.7,4.19169e+08,8.07578,12.3203,2.34081e+08
595,1777.04,4.2129e+08,8.10299,12.3203,2.37075e+08
596,1765.09,4.23417e+08,8.13025,12.3203,2.39884e+08
597,1717.88,4.25552e+08,8.15755,12.3203,2.4772e+08
598,4551.63,4.27694e+08,8.18491,12.5781,9.39652e+07
599,1943.07,4.29844e+08,8.2123,12.5781,2.21219e+08
600,1750.34,4.32e+08,8.23975,12.5781,2.4681e+08
601,1891.2,4.34164e+08,8.26723,12.5781,2.29571e+08
602,1895.71,4.36334e+08,8.29477,12.5781,2.3017e+08
603,1843.37,4.38512e+08,8.32235,12.5781,2.37886e+08
604,1958.22,4.40698e+08,8.34998,12.5781,2.2505e+08
605,2043.43,4.4289e+08,8.37765,12.5781,2.16739e+08
606,1718.58,4.4509e+08,8.40536,12.5781,2.58988e+08
607,1773.15,4.47297e+08,8.43313,12.5781,2.52261e+08
608,2072.85,4.49511e+08,8.46094,12.8359,2.16856e+08
609,1940.94,4.51733e+08,8.48879,12.8359,2.32739e+08
610,1957.71,4.53962e+08,8.51669,12.8359,2.31884e+08
611,1945.26,4.56198e+08,8.54464,12.8359,2.34518e+08
612,1905.31,4.58442e+08,8.57263,12.8359,2.40613e+08
613,1897.99,4.60693e+08,8.60067,12.8359,2.42727e+08
614,1807.07,4.62951e+08,8.62875,12.8359,2.56188e+08
615,5333.12,4.65217e+08,8.65688,12.8359,8.72317e+07
616,1988.21,4.6749e+08,8.68506,13.0938,2.35131e+08
617,2010.04,4.6977e+08,8.71328,13.0938,2.33712e+08
618,1956.26,4.72058e+08,8.74155,13.0938,2.41307e+08
619,1944.86,4.74353e+08,8.76986,13.0938,2.43901e+08
620,2105.66,4.76656e+08,8.79822,13.0938,2.26369e+08
621,2245.44,4.78966e+08,8.82662,13.0938,2.13306e+08
622,1901.71,4.81284e+08,8.85507,13.0938,2.5308e+08
623,1825.82,4.83609e+08,8.88357,13.0938,2.64872e+08
624,2207.64,4.85941e+08,8.91211,13.0938,2.20117e+08
625,2043.55,4.88281e+08,8.9407,13.0938,2.38938e+08
626,1889.08,4.90629e+08,8.96933,13.3516,2.59718e+08
627,1902.43,4.92984e+08,8.99801,13.3516,2.59133e+08
628,1972.24,4.95346e+08,9.02673,13.3516,2.5116e+08
629,2189.81,4.97716e+08,9.0555,13.3516,2.27287e+08
630,4681.92,5.00094e+08,9.08432,13.3516,1.06814e+08
631,2098.14,5.02479e+08,9.11318,13.3516,2.39487e+08
632,2262.35,5.04872e+08,9.14209,13.3516,2.23163e+08
633,2530.68,5.07272e+08,9.17104,13.3516,2.00449e+08
634,2356.36,5.0968e+08,9.20004,13.6094,2.163e+08
635,2201.96,5.12096e+08,9.22909,13.6094,2.32563e+08
636,3065.23,5.14519e+08,9.25818,13.6094,1.67856e+08
637,2313.16,5.1695e+08,9.28732,13.6094,2.23482e+08
638,2134.23,5.19388e+08,9.3165,13.6094,2.4336e+08
639,2072,5.21834e+08,9.34573,13.6094,2.5185e+08
640,2285.74,5.24288e+08,9.375,13.6094,2.29373e+08
641,2334.18,5.26749e+08,9.40432,13.6094,2.25668e+08
642,2586.28,5.29219e+08,9.43369,13.6094,2.04625e+08
643,5751.37,5.31695e+08,9.4631,13.8672,9.24467e+07
644,2753.19,5.3418e+08,9.49255,13.8672,1.94022e+08
645,2728.2,5.36672e+08,9.52206,13.8672,1.96713e+08
646,2429.93,5.39172e+08,9.55161,13.8672,2.21888e+08
647,2351.69,5.4168e+08,9.5812,13.8672,2.30337e+08
648,2696.63,5.44196e+08,9.61084,13.8672,2.01806e+08
649,2732.99,5.46719e+08,9.64053,13.8672,2.00044e+08
650,2395.23,5.4925e+08,9.67026,13.8672,2.2931e+08
651,2668.17,5.51789e+08,9.70004,13.8672,2.06804e+08
652,3146.63,5.54336e+08,9.72986,14.125,1.76168e+08
653,3088.31,5.5689e+08,9.75973,14.125,1.80322e+08
654,2745.96,5.59453e+08,9.78964,14.125,2.03737e+08
655,4748.75,5.62023e+08,9.8196,14.125,1.18352e+08
656,2725.21,5.64601e+08,9.84961,14.125,2.07177e+08
657,3119.05,5.67187e+08,9.87966,14.125,1.81846e+08
658,2446.96,5.69781e+08,9.90976,14.125,2.32853e+08
659,2736.29,5.72382e+08,9.9399,14.125,2.09182e+08
660,2844.26,5.74992e+08,9.97009,14.3828,2.02159e+08
661,3351.39,5.7761e+08,10.0003,14.3828,1.72349e+08
662,2414.63,5.80235e+08,10.0306,14.3828,2.403e+08
663,2542.33,5.82868e+08,10.0609,14.3828,2.29265e+08
664,4405.64,5.8551e+08,10.0913,14.3828,1.329e+08
665,7238.48,5.88159e+08,10.1217,14.3828,8.12545e+07
666,3791.72,5.90817e+08,10.1522,14.3828,1.55818e+08
667,3587.23,5.93482e+08,10.1827,14.3828,1.65443e+08
668,3179.28,5.96155e+08,10.2133,14.6406,1.87513e+08
669,2962.1,5.98837e+08,10.2439,14.6406,2.02166e+08
670,2820.2,6.01526e+08,10.2745,14.6406,2.13292e+08
671,2647.23,6.04223e+08,10.3052,14.6406,2.28247e+08
672,3213.78,6.06929e+08,10.3359,14.6406,1.88852e+08
673,3540.33,6.09642e+08,10.3667,14.6406,1.72199e+08
674,2700.74,6.12364e+08,10.3976,14.6406,2.2674e+08
675,5876.31,6.15094e+08,10.4284,14.6406,1.04674e+08
676,3197.4,6.17832e+08,10.4594,14.6406,1.93229e+08
677,3133.51,6.20577e+08,10.4903,14.8984,1.98045e+08
678,2595.02,6.23332e+08,10.5213,14.8984,2.40203e+08
679,2529.34,6.26094e+08,10.5524,14.8984,2.47532e+08
680,2881.75,6.28864e+08,10.5835,14.8984,2.18223e+08
681,2712.64,6.31642e+08,10.6146,14.8984,2.32851e+08
682,2734.26,6.34429e+08,10.6458,14.8984,2.32029e+08
683,2825.77,6.37224e+08,10.6771,14.8984,2.25505e+08
684,2859.64,6.40027e+08,10.7084,15.1562,2.23814e+08
685,3507.06,6.42838e+08,10.7397,15.1562,1.83298e+08
686,6686.39,6.45658e+08,10.7711,15.1562,9.6563e+07
687,3259.17,6.48485e+08,10.8025,15.1562,1.98972e+08
688,3934.39,6.51321e+08,10.834,15.1562,1.65546e+08
689,4250.86,6.54166e+08,10.8655,15.1562,1.5389e+08
690,3755.19,6.57018e+08,10.8971,15.1562,1.74963e+08
691,2816.97,6.59879e+08,10.9287,15.1562,2.34251e+08
692,2860.09,6.62748e+08,10.9603,15.4141,2.31722e+08
693,2896.54,6.65625e+08,10.992,15.4141,2.298e+08
694,2716.14,6.68511e+08,11.0238,15.4141,2.46125e+08
695,2683.56,6.71405e+08,11.0556,15.4141,2.50192e+08
696,5263.23,6.74307e+08,11.0874,15.4141,1.28116e+08
697,2935.09,6.77218e+08,11.1193,15.4141,2.30732e+08
698,2805.22,6.80137e+08,11.1512,15.4141,2.42454e+08
699,2848.67,6.83064e+08,11.1832,15.4141,2.39784e+08
700,2997.99,6.86e+08,11.2152,15.6719,2.2882e+08
701,3033.95,6.88944e+08,11.2473,15.6719,2.27079e+08
702,3027.76,6.91897e+08,11.2794,15.6719,2.28518e+08
703,3124.09,6.94858e+08,11.3115,15.6719,2.22419e+08
704,3227.22,6.97827e+08,11.3438,15.6719,2.16232e+08
705,3582.71,7.00805e+08,11.376,15.6719,1.95608e+08
706,6162.26,7.03792e+08,11.4083,15.6719,1.1421e+08
707,3256.97,7.06786e+08,11.4406,15.6719,2.17007e+08
708,3946.62,7.0979e+08,11.473,15.9297,1.79847e+08
709,3858.43,7.12802e+08,11.5055,15.9297,1.84739e+08
710,3185.89,7.15822e+08,11.5379,15.9297,2.24685e+08
711,2989.71,7.18851e+08,11.5705,15.9297,2.40442e+08
712,3798.91,7.21888e+08,11.603,15.9297,1.90025e+08
713,3775.09,7.24934e+08,11.6356,15.9297,1.92031e+08
714,3665.74,7.27989e+08,11.6683,15.9297,1.98593e+08
715,6803.66,7.31052e+08,11.701,15.9297,1.0745e+08
716,4381.02,7.34123e+08,11.7338,16.1875,1.67569e+08
717,4037.78,7.37204e+08,11.7666,16.1875,1.82576e+08
718,3429.57,7.40292e+08,11.7994,16.1875,2.15856e+08
719,3394.89,7.4339e+08,11.8323,16.1875,2.18974e+08
720,4465.95,7.46496e+08,11.8652,16.1875,1.67153e+08
721,3750.53,7.49611e+08,11.8982,16.1875,1.99868e+08
722,3631.24,7.52734e+08,11.9312,16.1875,2.07294e+08
723,6829.47,7.55866e+08,11.9643,16.1875,1.10677e+08
724,4052.15,7.59007e+08,11.9974,16.4453,1.8731e+08
725,3528.83,7.62156e+08,12.0306,16.4453,2.1598e+08
726,3041.13,7.65314e+08,12.0638,16.4453,2.51655e+08
727,3126.56,7.68481e+08,12.0971,16.4453,2.45792e+08
728,4329.47,7.71657e+08,12.1304,16.4453,1.78234e+08
729,4929.65,7.74841e+08,12.1637,16.4453,1.5718e+08
730,4457.91,7.78034e+08,12.1971,16.4453,1.74529e+08
731,7185.69,7.81236e+08,12.2306,16.7031,1.08721e+08
732,3777.02,7.84446e+08,12.264,16.7031,2.07689e+08
733,4223.45,7.87666e+08,12.2976,16.7031,1.86498e+08
734,3191.3,7.90894e+08,12.3311,16.7031,2.47828e+08
735,3054.14,7.94131e+08,12.3648,16.7031,2.60018e+08
736,3600.91,7.97377e+08,12.3984,16.7031,2.21438e+08
737,3726.7,8.00631e+08,12.4322,16.7031,2.14837e+08
738,3232.93,8.03895e+08,12.4659,16.9609,2.48659e+08
739,6498.41,8.07167e+08,12.4997,16.9609,1.2421e+08
740,3945.29,8.10448e+08,12.5336,16.9609,2.05422e+08
741,3868.41,8.13738e+08,12.5675,16.9609,2.10354e+08
742,3473.06,8.17037e+08,12.6014,16.9609,2.3525e+08
743,3206.25,8.20345e+08,12.6354,16.9609,2.55858e+08
744,3533.76,8.23662e+08,12.6694,16.9609,2.33083e+08
745,3522.47,8.26987e+08,12.7035,16.9609,2.34775e+08
746,3360.31,8.30322e+08,12.7376,17.2188,2.47097e+08
747,3404.01,8.33665e+08,12.7718,17.2188,2.44907e+08
748,6871.79,8.37018e+08,12.806,17.2188,1.21805e+08
749,3748.25,8.40379e+08,12.8403,17.2188,2.24206e+08
750,3339.73,8.4375e+08,12.8746,17.2188,2.5264e+08
751,3313.49,8.4713e+08,12.909,17.2188,2.55661e+08
752,3662.49,8.50518e+08,12.9434,17.2188,2.32224e+08
753,3616.53,8.53916e+08,12.9778,17.4766,2.36115e+08
754,3450.83,8.57322e+08,13.0123,17.4766,2.48439e+08
755,3489.46,8.60738e+08,13.0468,17.4766,2.46668e+08
756,3710.92,8.64162e+08,13.0814,17.4766,2.3287e+08
757,7091.95,8.67596e+08,13.1161,17.4766,1.22335e+08
758,3470.78,8.71039e+08,13.1507,17.4766,2.50963e+08
759,3443.43,8.74491e+08,13.1854,17.4766,2.53959e+08
760,3868.65,8.77952e+08,13.2202,17.7344,2.2694e+08
761,3756.74,8.81422e+08,13.255,17.7344,2.34625e+08
762,3664.63,8.84901e+08,13.2899,17.7344,2.41471e+08
763,3647.53,8.8839e+08,13.3248,17.7344,2.43559e+08
764,3900.11,8.91887e+08,13.3597,17.7344,2.28683e+08
765,7226.75,8.95394e+08,13.3947,17.7344,1.239e+08
766,4149.13,8.9891e+08,13.4298,17.7344,2.1665e+08
767,4038.99,9.02435e+08,13.4649,17.7344,2.23431e+08
768,3782.18,9.0597e+08,13.5,17.9922,2.39536e+08
769,3914.21,9.09513e+08,13.5352,17.9922,2.32362e+08
770,3741.88,9.13066e+08,13.5704,17.9922,2.44013e+08
771,3698.12,9.16628e+08,13.6057,17.9922,2.47863e+08
772,3888.31,9.20199e+08,13.641,17.9922,2.36658e+08
773,7307.49,9.2378e+08,13.6764,17.9922,1.26416e+08
774,4155.79,9.2737e+08,13.7118,17.9922,2.23151e+08
775,3678.06,9.30969e+08,13.7472,18.25,2.53114e+08
776,4191.36,9.34577e+08,13.7827,18.25,2.22977e+08
777,4197.65,9.38195e+08,13.8183,18.25,2.23505e+08
778,3943.14,9.41822e+08,13.8539,18.25,2.38851e+08
779,3972.62,9.45458e+08,13.8895,18.25,2.37994e+08
780,4211.71,9.49104e+08,13.9252,18.25,2.25349e+08
781,7687.75,9.52759e+08,13.9609,18.25,1.23932e+08
782,3850.78,9.56424e+08,13.9967,18.5078,2.48371e+08
783,3834.54,9.60097e+08,14.0325,18.5078,2.50382e+08
784,4244.17,9.63781e+08,14.0684,18.5078,2.27083e+08
785,4290.29,9.67473e+08,14.1043,18.5078,2.25503e+08
786,4055.83,9.71175e+08,14.1402,18.5078,2.39452e+08
787,4109.55,9.74887e+08,14.1762,18.5078,2.37225e+08
788,4307.53,9.78608e+08,14.2123,18.5078,2.27185e+08
789,7863.4,9.82338e+08,14.2484,18.5078,1.24925e+08
790,3956.89,9.86078e+08,14.2845,18.7656,2.49205e+08
791,3977.3,9.89827e+08,14.3207,18.7656,2.48869e+08
792,4983.5,9.93586e+08,14.3569,18.7656,1.99375e+08
793,5034.14,9.97355e+08,14.3932,18.7656,1.98118e+08
794,4362.64,1.00113e+09,14.4295,18.7656,2.29478e+08
795,4731.39,1.00492e+09,14.4659,18.7656,2.12394e+08
796,11015.6,1.00872e+09,14.5023,19.0234,9.15717e+07
797,5191.75,1.01252e+09,14.5388,19.0234,1.95025e+08
798,4125.43,1.01634e+09,14.5753,19.0234,2.4636e+08
799,4149.8,1.02016e+09,14.6118,19.0234,2.45835e+08
800,5122.85,1.024e+09,14.6484,19.0234,1.99889e+08
801,5473.29,1.02784e+09,14.6851,19.0234,1.87793e+08
802,8376.45,1.0317e+09,14.7218,19.0234,1.23167e+08
803,4226.01,1.03556e+09,14.7585,19.0234,2.45045e+08
804,5221.25,1.03944e+09,14.7953,19.2812,1.99078e+08
805,5150.16,1.04332e+09,14.8321,19.2812,2.0258e+08
806,4423.89,1.04721e+09,14.869,19.2812,2.36718e+08
807,4218.96,1.05112e+09,14.9059,19.2812,2.49141e+08
808,8728.48,1.05503e+09,14.9429,19.2812,1.20872e+08
809,7012.72,1.05895e+09,14.9799,19.2812,1.51004e+08
810,5231.51,1.06288e+09,15.0169,19.5391,2.03169e+08
811,4929.35,1.06682e+09,15.054,19.5391,2.16423e+08
812,7741.95,1.07077e+09,15.0912,19.5391,1.38308e+08
813,11181.6,1.07474e+09,15.1284,19.5391,9.61168e+07
814,4984.93,1.07871e+09,15.1656,19.5391,2.16394e+08
815,4469.65,1.08269e+09,15.2029,19.5391,2.42231e+08
816,5872.46,1.08668e+09,15.2402,19.5391,1.85046e+08
817,5792.59,1.09068e+09,15.2776,19.5391,1.88288e+08
818,4729.66,1.09469e+09,15.315,19.7969,2.31452e+08
819,8251.18,1.09871e+09,15.3525,19.7969,1.33158e+08
820,5604.91,1.10274e+09,15.39,19.7969,1.96745e+08
821,5286.89,1.10678e+09,15.4276,19.7969,2.09343e+08
822,4393.76,1.11082e+09,15.4652,19.7969,2.52818e+08
823,4594.16,1.11488e+09,15.5028,19.7969,2.42674e+08
824,7180.39,1.11895e+09,15.5405,20.0547,1.55835e+08
825,8671.22,1.12303e+09,15.5783,20.0547,1.29512e+08
826,4929.29,1.12712e+09,15.6161,20.0547,2.28658e+08
827,4761.14,1.13122e+09,15.6539,20.0547,2.37594e+08
828,5192.13,1.13533e+09,15.6918,20.0547,2.18663e+08
829,5250.66,1.13945e+09,15.7297,20.0547,2.1701e+08
830,4559.33,1.14357e+09,15.7677,20.0547,2.50821e+08
831,7973.59,1.14771e+09,15.8057,20.3125,1.43939e+08
832,5605.92,1.15186e+09,15.8438,20.3125,2.05472e+08
833,5821.51,1.15602e+09,15.8819,20.3125,1.98577e+08
834,5909.87,1.16019e+09,15.92,20.3125,1.96313e+08
835,5393.15,1.16437e+09,15.9582,20.3125,2.15897e+08
836,6701.74,1.16855e+09,15.9965,20.3125,1.74366e+08
837,10158.9,1.17275e+09,16.0348,20.3125,1.15441e+08
838,5147.57,1.17696e+09,16.0731,20.5703,2.28644e+08
839,5187.19,1.18118e+09,16.1115,20.5703,2.27711e+08
840,6195.91,1.18541e+09,16.1499,20.5703,1.91321e+08
841,6234.82,1.18965e+09,16.1884,20.5703,1.90807e+08
842,8482.19,1.1939e+09,16.2269,20.5703,1.40753e+08
843,5220.48,1.19815e+09,16.2655,20.5703,2.2951e+08
844,5417.36,1.20242e+09,16.3041,20.8281,2.21957e+08
845,6356.84,1.2067e+09,16.3427,20.8281,1.89827e+08
846,5023.06,1.21099e+09,16.3814,20.8281,2.41086e+08
847,5136.96,1.21529e+09,16.4202,20.8281,2.36578e+08
848,8934.78,1.2196e+09,16.459,20.8281,1.365e+08
849,5786.7,1.22392e+09,16.4978,20.8281,2.11506e+08
850,5227.97,1.22825e+09,16.5367,20.8281,2.34938e+08
851,5397.03,1.23259e+09,16.5756,21.0859,2.28383e+08
852,5787.79,1.23694e+09,16.6146,21.0859,2.13715e+08
853,8995.05,1.2413e+09,16.6536,21.0859,1.37998e+08
854,5173.16,1.24567e+09,16.6927,21.0859,2.40795e+08
855,5138.54,1.25005e+09,16.7318,21.0859,2.4327e+08
856,5724.33,1.25444e+09,16.771,21.0859,2.19143e+08
857,5758.2,1.25885e+09,16.8102,21.0859,2.18618e+08
858,5314.49,1.26326e+09,16.8495,21.3438,2.37701e+08
859,8727.65,1.26768e+09,16.8888,21.3438,1.45249e+08
860,6033.29,1.27211e+09,16.9281,21.3438,2.10849e+08
861,5971.05,1.27655e+09,16.9675,21.3438,2.13791e+08
862,5162.83,1.28101e+09,17.0069,21.3438,2.48121e+08
863,5167.77,1.28547e+09,17.0464,21.3438,2.48748e+08
864,6154.86,1.28995e+09,17.0859,21.6016,2.09582e+08
865,9440.61,1.29443e+09,17.1255,21.6016,1.37113e+08
866,6255.46,1.29892e+09,17.1651,21.6016,2.07646e+08
867,5455.04,1.30343e+09,17.2048,21.6016,2.3894e+08
868,5918.23,1.30794e+09,17.2445,21.6016,2.21002e+08
869,5907.35,1.31247e+09,17.2843,21.6016,2.22176e+08
870,9193.73,1.31701e+09,17.3241,21.8594,1.4325e+08
871,5595.51,1.32155e+09,17.3639,21.8594,2.36181e+08
872,6043.27,1.32611e+09,17.4038,21.8594,2.19436e+08
873,5967.08,1.33068e+09,17.4437,21.8594,2.23003e+08
874,5653.26,1.33526e+09,17.4837,21.8594,2.36192e+08
875,9021.54,1.33984e+09,17.5238,21.8594,1.48516e+08
876,6522.75,1.34444e+09,17.5638,21.8594,2.06116e+08
877,9618.33,1.34905e+09,17.604,22.1172,1.40259e+08
878,5539.35,1.35367e+09,17.6441,22.1172,2.44374e+08
879,5510.97,1.3583e+09,17.6843,22.1172,2.46472e+08
880,9663.07,1.36294e+09,17.7246,22.1172,1.41047e+08
881,6458.64,1.3676e+09,17.7649,22.1172,2.11747e+08
882,5926.35,1.37226e+09,17.8053,22.1172,2.31552e+08
883,5929.4,1.37693e+09,17.8457,22.375,2.32221e+08
884,6412.52,1.38161e+09,17.8861,22.375,2.15456e+08
885,10059.6,1.38631e+09,17.9266,22.375,1.3781e+08
886,5950.16,1.39101e+09,17.9671,22.375,2.33777e+08
887,5987.82,1.39573e+09,18.0077,22.375,2.33095e+08
888,6502.62,1.40045e+09,18.0483,22.375,2.15368e+08
889,6562.9,1.40519e+09,18.089,22.375,2.14111e+08
890,9184.85,1.40994e+09,18.1297,22.6328,1.53507e+08
891,6183.33,1.4147e+09,18.1705,22.6328,2.28792e+08
892,6599.8,1.41946e+09,18.2113,22.6328,2.15077e+08
893,6950.26,1.42424e+09,18.2522,22.6328,2.0492e+08
894,6351.4,1.42903e+09,18.2931,22.6328,2.24995e+08
895,10300.5,1.43383e+09,18.334,22.6328,1.39201e+08
896,6982.86,1.43865e+09,18.375,22.8906,2.06025e+08
897,6862.01,1.44347e+09,18.416,22.8906,2.10356e+08
898,6117.81,1.4483e+09,18.4571,22.8906,2.36735e+08
899,6204.98,1.45315e+09,18.4983,22.8906,2.3419e+08
900,9151.67,1.458e+09,18.5394,22.8906,1.59315e+08
901,6796.56,1.46287e+09,18.5807,22.8906,2.15236e+08
902,5946.09,1.46774e+09,18.6219,23.1484,2.46841e+08
903,5985.13,1.47263e+09,18.6632,23.1484,2.46048e+08
904,7194.56,1.47753e+09,18.7046,23.1484,2.05367e+08
905,12099.8,1.48244e+09,18.746,23.1484,1.22518e+08
906,12035.5,1.48735e+09,18.7874,23.1484,1.23581e+08
907,7605.82,1.49229e+09,18.8289,23.1484,1.96203e+08
908,236436,1.49723e+09,18.8705,23.4062,6.33248e+06
909,7886.52,1.50218e+09,18.9121,23.4062,1.90474e+08
910,7887.69,1.50714e+09,18.9537,23.4062,1.91075e+08
911,7650.67,1.51212e+09,18.9954,23.4062,1.97645e+08
912,11355.9,1.5171e+09,19.0371,23.4062,1.33596e+08
913,8549.1,1.5221e+09,19.0789,23.4062,1.78042e+08
914,7413.12,1.5271e+09,19.1207,23.6641,2.06e+08
915,8013.77,1.53212e+09,19.1626,23.6641,1.91186e+08
916,10125.3,1.53715e+09,19.2045,23.6641,1.51812e+08
917,7845.34,1.54219e+09,19.2464,23.6641,1.96574e+08
918,6657.23,1.54724e+09,19.2884,23.6641,2.32415e+08
919,6815.73,1.5523e+09,19.3305,23.6641,2.27753e+08
920,11646.2,1.55738e+09,19.3726,23.9219,1.33724e+08
921,8555.01,1.56246e+09,19.4147,23.9219,1.82637e+08
922,7246.74,1.56755e+09,19.4569,23.9219,2.16312e+08
923,7232.82,1.57266e+09,19.4991,23.9219,2.17434e+08
924,10592.7,1.57778e+09,19.5414,23.9219,1.48949e+08
925,8720.52,1.58291e+09,19.5837,23.9219,1.81515e+08
926,6936.33,1.58805e+09,19.6261,24.1797,2.28946e+08
927,6845.11,1.5932e+09,19.6685,24.1797,2.3275e+08
928,11256.6,1.59836e+09,19.7109,24.1797,1.41993e+08
929,8376.89,1.60353e+09,19.7534,24.1797,1.91423e+08
930,7380.73,1.60871e+09,19.796,24.1797,2.17962e+08
931,7501.22,1.61391e+09,19.8386,24.1797,2.15153e+08
932,10906.6,1.61912e+09,19.8812,24.4375,1.48453e+08
933,8401.01,1.62433e+09,19.9239,24.4375,1.9335e+08
934,7040.51,1.62956e+09,19.9666,24.4375,2.31455e+08
935,7119.75,1.6348e+09,20.0094,24.4375,2.29615e+08
936,11058,1.64005e+09,20.0522,24.4375,1.48313e+08
937,8378.02,1.64531e+09,20.0951,24.4375,1.96385e+08
938,8717.65,1.65059e+09,20.138,24.6953,1.89339e+08
939,7811.91,1.65587e+09,20.181,24.6953,2.11968e+08
940,11314.7,1.66117e+09,20.224,24.6953,1.46815e+08
941,8682.04,1.66648e+09,20.2671,24.6953,1.91945e+08
942,7321.35,1.67179e+09,20.3102,24.6953,2.28345e+08
943,7292.69,1.67712e+09,20.3533,24.6953,2.29973e+08
944,11955.8,1.68246e+09,20.3965,24.9531,1.40724e+08
945,8657.01,1.68782e+09,20.4397,24.9531,1.94965e+08
946,8112.79,1.69318e+09,20.483,24.9531,2.08705e+08
947,8037.15,1.69856e+09,20.5263,24.9531,2.11338e+08
948,11379.7,1.70394e+09,20.5697,24.9531,1.49735e+08
949,8888.47,1.70934e+09,20.6131,24.9531,1.9231e+08
950,7465.99,1.71475e+09,20.6566,25.2109,2.29675e+08
951,10389.7,1.72017e+09,20.7001,25.2109,1.65565e+08
952,9331.3,1.7256e+09,20.7437,25.2109,1.84926e+08
953,8881.79,1.73105e+09,20.7873,25.2109,1.94898e+08
954,8461.67,1.7365e+09,20.8309,25.2109,2.0522e+08
955,11155.4,1.74197e+09,20.8746,25.2109,1.56154e+08
956,8939.4,1.74745e+09,20.9183,25.4688,1.95477e+08
957,9391,1.75293e+09,20.9621,25.4688,1.86661e+08
958,7734.61,1.75844e+09,21.006,25.4688,2.27346e+08
959,11143,1.76395e+09,21.0498,25.4688,1.58301e+08
960,8780.92,1.76947e+09,21.0938,25.4688,2.01513e+08
961,8697.17,1.77501e+09,21.1377,25.4688,2.0409e+08
962,11145.2,1.78055e+09,21.1817,25.7266,1.5976e+08
963,8160.12,1.78611e+09,21.2258,25.7266,2.18883e+08
964,10671.4,1.79168e+09,21.2699,25.7266,1.67895e+08
965,9739.61,1.79726e+09,21.314,25.7266,1.84532e+08
966,11074.1,1.80286e+09,21.3582,25.7266,1.62799e+08
967,7943.49,1.80846e+09,21.4025,25.7266,2.27666e+08
968,9805.05,1.81408e+09,21.4468,25.9844,1.85015e+08
969,12380.4,1.81971e+09,21.4911,25.9844,1.46983e+08
970,8799.77,1.82535e+09,21.5355,25.9844,2.07431e+08
971,9041.28,1.831e+09,21.5799,25.9844,2.02515e+08
972,9832.43,1.83666e+09,21.6244,25.9844,1.86796e+08
973,12971.7,1.84233e+09,21.6689,25.9844,1.42027e+08
974,8138.99,1.84802e+09,21.7135,26.2422,2.27058e+08
975,8274.45,1.85372e+09,21.7581,26.2422,2.24029e+08
976,12318.5,1.85943e+09,21.8027,26.2422,1.50946e+08
977,11479.9,1.86515e+09,21.8474,26.2422,1.62471e+08
978,9120.21,1.87088e+09,21.8922,26.2422,2.05136e+08
979,12114.4,1.87663e+09,21.937,26.2422,1.54909e+08
980,10245.3,1.88238e+09,21.9818,26.5,1.83731e+08
981,10174.8,1.88815e+09,22.0267,26.5,1.85572e+08
982,8484.74,1.89393e+09,22.0716,26.5,2.23216e+08
983,11289.8,1.89972e+09,22.1166,26.5,1.68269e+08
984,10436.6,1.90553e+09,22.1616,26.5,1.82582e+08
985,10528,1.91134e+09,22.2067,26.5,1.81549e+08
986,12426.8,1.91717e+09,22.2518,26.7578,1.54276e+08
987,9335.98,1.92301e+09,22.297,26.7578,2.05978e+08
988,10570.5,1.92886e+09,22.3422,26.7578,1.82475e+08
989,13533.6,1.93472e+09,22.3874,26.7578,1.42957e+08
990,8853.13,1.9406e+09,22.4327,26.7578,2.19199e+08
991,8584.45,1.94648e+09,22.4781,27.0156,2.26745e+08
992,13724,1.95238e+09,22.5234,27.0156,1.4226e+08
993,11062.3,1.95829e+09,22.5689,27.0156,1.77025e+08
994,9773.46,1.96422e+09,22.6143,27.0156,2.00974e+08
995,12693.8,1.97015e+09,22.6599,27.0156,1.55206e+08
996,11457.3,1.9761e+09,22.7054,27.2734,1.72475e+08
997,9809.39,1.98205e+09,22.7511,27.2734,2.02057e+08
998,8670.54,1.98802e+09,22.7967,27.2734,2.29285e+08
999,12231.5,1.99401e+09,22.8424,27.2734,1.63022e+08
1000,11139.3,2e+09,22.8882,27.2734,1.79544e+08
